HAUPTNR,TITEL,JAHR,URL,NAMIDENT,AUSST_DATUM,AUSST_ORT,AUSST_TITEL
6005162,"Schnee im Engadin",1907,http://server1102.cs.technik.fhnw.ch/bilder/013211E1.jpg,"Hodler, Ferdinand",8.5.1995-8.7.1995,Hartford,"Ferdinand Hodler. Views & Visions"
6005315,Herbstabend,1892,http://server1102.cs.technik.fhnw.ch/bilder/716CE1.jpg,"Hodler, Ferdinand",8.5.1995-8.7.1995,Hartford,"Ferdinand Hodler. Views & Visions"
6004796,"Die Schynige Platte",1909,http://server1102.cs.technik.fhnw.ch/bilder/071425E1.jpg,"Hodler, Ferdinand",8.5.1995-8.7.1995,Hartford,"Ferdinand Hodler. Views & Visions"
6005005,"Genfersee mit Mont-Blanc am frühen Morgen",1918,http://server1102.cs.technik.fhnw.ch/bilder/9264E2.jpg,"Hodler, Ferdinand",8.5.1995-8.7.1995,Hartford,"Ferdinand Hodler. Views & Visions"
6005789,"Der Mäher",1910,http://server1102.cs.technik.fhnw.ch/bilder/026466E1.jpg,"Hodler, Ferdinand",8.5.1995-8.7.1995,Hartford,"Ferdinand Hodler. Views & Visions"
6005790,"Sinnender Greis am Tisch",1885,http://server1102.cs.technik.fhnw.ch/bilder/027190E1.jpg,"Hodler, Ferdinand",8.5.1995-8.7.1995,Hartford,"Ferdinand Hodler. Views & Visions"
6006426,"Die Pension",1879,http://server1102.cs.technik.fhnw.ch/bilder/001582E1.jpg,"Hodler, Ferdinand",8.5.1995-8.7.1995,Hartford,"Ferdinand Hodler. Views & Visions"
6006345,"Bildnis Ulrich Wille",1915,http://server1102.cs.technik.fhnw.ch/bilder/000167E1.jpg,"Hodler, Ferdinand",8.5.1995-8.7.1995,Hartford,"Ferdinand Hodler. Views & Visions"
6006841,"Die Andacht",1881,http://server1102.cs.technik.fhnw.ch/bilder/14528E2.jpg,"Hodler, Ferdinand",8.5.1995-8.7.1995,Hartford,"Ferdinand Hodler. Views & Visions"
6006090,"Bildnis Willy Russ-Young",1911,http://server1102.cs.technik.fhnw.ch/bilder/7824CE1.jpg,"Hodler, Ferdinand",8.5.1995-8.7.1995,Hartford,"Ferdinand Hodler. Views & Visions"
6006851,"Aufgehen im All",1892,http://server1102.cs.technik.fhnw.ch/bilder/019350CE1.jpg,"Hodler, Ferdinand",8.5.1995-8.7.1995,Hartford,"Ferdinand Hodler. Views & Visions"
6007642,"Blick ins Unendliche, Einzelfigur",1914,http://server1102.cs.technik.fhnw.ch/bilder/071712E1.jpg,"Hodler, Ferdinand",8.5.1995-8.7.1995,Hartford,"Ferdinand Hodler. Views & Visions"
6008491,Linienherrlichkeit,1909,http://server1102.cs.technik.fhnw.ch/bilder/038832E1.jpg,"Hodler, Ferdinand",8.5.1995-8.7.1995,Hartford,"Ferdinand Hodler. Views & Visions"
6008669,"Die Wahrheit",1903,http://server1102.cs.technik.fhnw.ch/bilder/023098CE1.jpg,"Hodler, Ferdinand",8.5.1995-8.7.1995,Hartford,"Ferdinand Hodler. Views & Visions"
6011571,"Heilige Stunde",1907,http://server1102.cs.technik.fhnw.ch/bilder/73757CE1.jpg,"Hodler, Ferdinand",8.5.1995-8.7.1995,Hartford,"Ferdinand Hodler. Views & Visions"
9842145,"Weib am Bache",1905,http://server1102.cs.technik.fhnw.ch/bilder/078444CE1.jpg,"Hodler, Ferdinand",8.5.1995-8.7.1995,Hartford,"Ferdinand Hodler. Views & Visions"
6008360,"Die Liebe, Studie",1907,http://server1102.cs.technik.fhnw.ch/bilder/046182E1.jpg,"Hodler, Ferdinand",8.5.1995-8.7.1995,Hartford,"Ferdinand Hodler. Views & Visions"
9905410,Anbetung,1894,http://server1102.cs.technik.fhnw.ch/bilder/079249CE1.jpg,"Hodler, Ferdinand",8.5.1995-8.7.1995,Hartford,"Ferdinand Hodler. Views & Visions"
6006237,"Bildnis Mathias Morhardt",1913,http://server1102.cs.technik.fhnw.ch/bilder/061421E1.jpg,"Hodler, Ferdinand",8.5.1995-8.7.1995,Hartford,"Ferdinand Hodler. Views & Visions"
6006417,"Bildnis Louise Delphine Duchosal (Mädchen mit der Narzisse)",1885,http://server1102.cs.technik.fhnw.ch/bilder/025554E1.jpg,"Hodler, Ferdinand",8.5.1995-8.7.1995,Hartford,"Ferdinand Hodler. Views & Visions"
6006688,"Die Kunst",1897,http://server1102.cs.technik.fhnw.ch/bilder/51244CE1.jpg,"Hodler, Ferdinand",8.5.1995-8.7.1995,Hartford,"Ferdinand Hodler. Views & Visions"
6006450,"Bildnis Gertrud Müller",1911,http://server1102.cs.technik.fhnw.ch/bilder/41527E3.jpg,"Hodler, Ferdinand",8.5.1995-8.7.1995,Hartford,"Ferdinand Hodler. Views & Visions"
6006273,"Bildnis Valentine Godé-Darel",1912,http://server1102.cs.technik.fhnw.ch/bilder/001228E1.jpg,"Hodler, Ferdinand",8.5.1995-8.7.1995,Hartford,"Ferdinand Hodler. Views & Visions"
6006467,"Bildnis Emma Schmidt-Müller",1915,http://server1102.cs.technik.fhnw.ch/bilder/48676E2.jpg,"Hodler, Ferdinand",8.5.1995-8.7.1995,Hartford,"Ferdinand Hodler. Views & Visions"
6006402,"Bildnis Berthe Hodler-Jacques",1898,http://server1102.cs.technik.fhnw.ch/bilder/15500DS1.jpg,"Hodler, Ferdinand",8.5.1995-8.7.1995,Hartford,"Ferdinand Hodler. Views & Visions"
6007859,"Die Empfindung",1911,http://server1102.cs.technik.fhnw.ch/bilder/011047E1.jpg,"Hodler, Ferdinand",8.5.1995-8.7.1995,Hartford,"Ferdinand Hodler. Views & Visions"
6008346,"Die Lebensmüden",1892,http://server1102.cs.technik.fhnw.ch/bilder/8720E2.jpg,"Hodler, Ferdinand",8.5.1995-8.7.1995,Hartford,"Ferdinand Hodler. Views & Visions"
6005608,"Selbstbildnis (Der Studierende)",1874,http://server1102.cs.technik.fhnw.ch/bilder/000713CE1.jpg,"Hodler, Ferdinand",8.5.1995-8.7.1995,Hartford,"Ferdinand Hodler. Views & Visions"
6005615,Selbstbildnis,1916,http://server1102.cs.technik.fhnw.ch/bilder/001897E1.jpg,"Hodler, Ferdinand",8.5.1995-8.7.1995,Hartford,"Ferdinand Hodler. Views & Visions"
6005741,"Der Mäher",1878,http://server1102.cs.technik.fhnw.ch/bilder/007820E1.jpg,"Hodler, Ferdinand",8.5.1995-8.7.1995,Hartford,"Ferdinand Hodler. Views & Visions"
6006302,"Bildnis der kranken Valentine Godé-Darel",1914,http://server1102.cs.technik.fhnw.ch/bilder/41533E2.jpg,"Hodler, Ferdinand",8.5.1995-8.7.1995,Hartford,"Ferdinand Hodler. Views & Visions"
6007981,"Entzücktes Weib",1911,http://server1102.cs.technik.fhnw.ch/bilder/41528E2.jpg,"Hodler, Ferdinand",8.5.1995-8.7.1995,Hartford,"Ferdinand Hodler. Views & Visions"
6008006,Ergriffenheit,1894,http://server1102.cs.technik.fhnw.ch/bilder/053612E1.jpg,"Hodler, Ferdinand",8.5.1995-8.7.1995,Hartford,"Ferdinand Hodler. Views & Visions"
6008157,"Der Frühling",1910,http://server1102.cs.technik.fhnw.ch/bilder/017772E2.jpg,"Hodler, Ferdinand",8.5.1995-8.7.1995,Hartford,"Ferdinand Hodler. Views & Visions"
6007270,"Die Schlacht bei Murten",1917,http://server1102.cs.technik.fhnw.ch/bilder/000205CE1.jpg,"Hodler, Ferdinand",8.5.1995-8.7.1995,Hartford,"Ferdinand Hodler. Views & Visions"
6011796,Schwinger,1895,http://server1102.cs.technik.fhnw.ch/bilder/008731E1.jpg,"Hodler, Ferdinand",8.5.1995-8.7.1995,Hartford,"Ferdinand Hodler. Views & Visions"
6004848,"Thunersee mit Stockhornkette",1904,http://server1102.cs.technik.fhnw.ch/bilder/51248DS1.jpg,"Hodler, Ferdinand",8.5.1995-8.7.1995,Hartford,"Ferdinand Hodler. Views & Visions"
6008481,"Lied in der Ferne",1914,http://server1102.cs.technik.fhnw.ch/bilder/61518CE1.jpg,"Hodler, Ferdinand",8.5.1995-8.7.1995,Hartford,"Ferdinand Hodler. Views & Visions"
6006394,"Bildnis Emily Russ-Young",1917,http://server1102.cs.technik.fhnw.ch/bilder/11514E2.jpg,"Hodler, Ferdinand",8.5.1995-8.7.1995,Hartford,"Ferdinand Hodler. Views & Visions"
9905398,"Bezauberter Knabe",1893,http://server1102.cs.technik.fhnw.ch/bilder/079248CE1.jpg,"Hodler, Ferdinand",8.5.1995-8.7.1995,Hartford,"Ferdinand Hodler. Views & Visions"
6005712,Einmütigkeit,1912,http://server1102.cs.technik.fhnw.ch/bilder/25553CE1.jpg,"Hodler, Ferdinand",8.5.1995-8.7.1995,Hartford,"Ferdinand Hodler. Views & Visions"
6006486,"Mutter mit Kind in der Küche",1889,http://server1102.cs.technik.fhnw.ch/bilder/27199DS1.jpg,"Hodler, Ferdinand",8.5.1995-8.7.1995,Hartford,"Ferdinand Hodler. Views & Visions"
6005421,"Der Buchenwald (Le Bois de Châtelaine)",1885,http://server1102.cs.technik.fhnw.ch/bilder/009269E1.jpg,"Hodler, Ferdinand",8.5.1995-8.7.1995,Hartford,"Ferdinand Hodler. Views & Visions"
6005263,"Bachbett am See",1905,http://server1102.cs.technik.fhnw.ch/bilder/009538E2.jpg,"Hodler, Ferdinand",8.5.1995-8.7.1995,Hartford,"Ferdinand Hodler. Views & Visions"
6006668,"Der Traum",1897,http://server1102.cs.technik.fhnw.ch/bilder/008730E1.jpg,"Hodler, Ferdinand",8.5.1995-8.7.1995,Hartford,"Ferdinand Hodler. Views & Visions"
6005604,Selbstbildnis,1912,http://server1102.cs.technik.fhnw.ch/bilder/000204CE1.jpg,"Hodler, Ferdinand",8.5.1995-8.7.1995,Hartford,"Ferdinand Hodler. Views & Visions"
6005170,"Am Ufer des Manzanares",1878,http://server1102.cs.technik.fhnw.ch/bilder/7826CE1.jpg,"Hodler, Ferdinand",8.5.1995-8.7.1995,Hartford,"Ferdinand Hodler. Views & Visions"
6006277,"Die sterbende Valentine Godé-Darel",1915,http://server1102.cs.technik.fhnw.ch/bilder/15495CE1.jpg,"Hodler, Ferdinand",8.5.1995-8.7.1995,Hartford,"Ferdinand Hodler. Views & Visions"
6006001,"Schreitende, sich umdrehend",1910,http://server1102.cs.technik.fhnw.ch/bilder/017384E1.jpg,"Hodler, Ferdinand",8.5.1995-8.7.1995,Hartford,"Ferdinand Hodler. Views & Visions"
6007473,"Rückzug von Marignano",1905,http://server1102.cs.technik.fhnw.ch/bilder/001879E1.jpg,"Hodler, Ferdinand",8.5.1995-8.7.1995,Hartford,"Ferdinand Hodler. Views & Visions"
6005738,Ahasver,1886,http://server1102.cs.technik.fhnw.ch/bilder/714DS1.jpg,"Hodler, Ferdinand",8.5.1995-8.7.1995,Hartford,"Ferdinand Hodler. Views & Visions"
6007054,"Einmütigkeit, Redner",1913,http://server1102.cs.technik.fhnw.ch/bilder/43566E2.jpg,"Hodler, Ferdinand",8.5.1995-8.7.1995,Hartford,"Ferdinand Hodler. Views & Visions"
6004996,"Genfersee mit Jura",1908,http://server1102.cs.technik.fhnw.ch/bilder/009249E2.jpg,"Hodler, Ferdinand",8.5.1995-8.7.1995,Hartford,"Ferdinand Hodler. Views & Visions"
6005245,"Die Schwarze Lütschine",1905,http://server1102.cs.technik.fhnw.ch/bilder/1876DS1.jpg,"Hodler, Ferdinand",8.5.1995-8.7.1995,Hartford,"Ferdinand Hodler. Views & Visions"
6009902,"Die Liebe, Studie",1907,http://server1102.cs.technik.fhnw.ch/bilder/073495E1.jpg,"Hodler, Ferdinand",8.5.1995-8.7.1995,Hartford,"Ferdinand Hodler. Views & Visions"
6004741,"Das Breithorn",1911,http://server1102.cs.technik.fhnw.ch/bilder/009195E1.jpg,"Hodler, Ferdinand",8.5.1995-8.7.1995,Hartford,"Ferdinand Hodler. Views & Visions"
6005086,"Frühlingswiese am Salève",1888,http://server1102.cs.technik.fhnw.ch/bilder/023381E2.jpg,"Hodler, Ferdinand",8.5.1995-8.7.1995,Hartford,"Ferdinand Hodler. Views & Visions"
6008386,"Der Holzfäller",1910,http://server1102.cs.technik.fhnw.ch/bilder/040451E1.jpg,"Hodler, Ferdinand",8.5.1995-8.7.1995,Hartford,"Ferdinand Hodler. Views & Visions"
6005048,"Der Grammont",1905,http://server1102.cs.technik.fhnw.ch/bilder/041116E1.jpg,"Hodler, Ferdinand",8.5.1995-8.7.1995,Hartford,"Ferdinand Hodler. Views & Visions"
6004886,"Thunersee mit Niesen",1910,http://server1102.cs.technik.fhnw.ch/bilder/009178E1.jpg,"Hodler, Ferdinand",8.5.1998-20.6.1998,"St. Gallen","Ferdinand Hodler. Sammlung Thomas Schmidheiny"
6004839,"Thunersee mit Stockhornkette in Wolken",1912,http://server1102.cs.technik.fhnw.ch/bilder/009232E1.jpg,"Hodler, Ferdinand",8.5.1998-20.6.1998,"St. Gallen","Ferdinand Hodler. Sammlung Thomas Schmidheiny"
6005091,"Weiden an der Jonction",1878,http://server1102.cs.technik.fhnw.ch/bilder/033942E1.jpg,"Hodler, Ferdinand",8.5.1998-20.6.1998,"St. Gallen","Ferdinand Hodler. Sammlung Thomas Schmidheiny"
6005278,"Mühlebach bei Langenthal",1876,http://server1102.cs.technik.fhnw.ch/bilder/040459E1.jpg,"Hodler, Ferdinand",8.5.1998-20.6.1998,"St. Gallen","Ferdinand Hodler. Sammlung Thomas Schmidheiny"
6004777,Gantrischkette,1901,http://server1102.cs.technik.fhnw.ch/bilder/035302E1.jpg,"Hodler, Ferdinand",8.5.1998-20.6.1998,"St. Gallen","Ferdinand Hodler. Sammlung Thomas Schmidheiny"
6005456,"Landschaft mit zwei kleinen Bäumen",,http://server1102.cs.technik.fhnw.ch/bilder/040460E1.jpg,"Hodler, Ferdinand",8.5.1998-20.6.1998,"St. Gallen","Ferdinand Hodler. Sammlung Thomas Schmidheiny"
6005617,Selbstbildnis,1917,http://server1102.cs.technik.fhnw.ch/bilder/007821E2.jpg,"Hodler, Ferdinand",8.5.1998-20.6.1998,"St. Gallen","Ferdinand Hodler. Sammlung Thomas Schmidheiny"
6005678,"Selbstbildnis (mit Federhut und Pfeife)",1875,http://server1102.cs.technik.fhnw.ch/bilder/021912E2.jpg,"Hodler, Ferdinand",8.5.1998-20.6.1998,"St. Gallen","Ferdinand Hodler. Sammlung Thomas Schmidheiny"
6006218,"Bildnis Mathias Morhardt",1911,http://server1102.cs.technik.fhnw.ch/bilder/040450E1.jpg,"Hodler, Ferdinand",8.5.1998-20.6.1998,"St. Gallen","Ferdinand Hodler. Sammlung Thomas Schmidheiny"
6006841,"Die Andacht",1881,http://server1102.cs.technik.fhnw.ch/bilder/14528E2.jpg,"Hodler, Ferdinand",8.5.1998-20.6.1998,"St. Gallen","Ferdinand Hodler. Sammlung Thomas Schmidheiny"
6007853,"Schreitendes Weib",1910,http://server1102.cs.technik.fhnw.ch/bilder/001890E1.jpg,"Hodler, Ferdinand",8.5.1998-20.6.1998,"St. Gallen","Ferdinand Hodler. Sammlung Thomas Schmidheiny"
9899083,"Der Angler",1879,http://server1102.cs.technik.fhnw.ch/bilder/079203E1.jpg,"Hodler, Ferdinand",8.5.1998-20.6.1998,"St. Gallen","Ferdinand Hodler. Sammlung Thomas Schmidheiny"
6007010,Einmütigkeit,1913,http://server1102.cs.technik.fhnw.ch/bilder/040456E1.jpg,"Hodler, Ferdinand",8.5.1998-20.6.1998,"St. Gallen","Ferdinand Hodler. Sammlung Thomas Schmidheiny"
6005802,"Der Netzflicker",1883,http://server1102.cs.technik.fhnw.ch/bilder/043562E1.jpg,"Hodler, Ferdinand",8.5.1998-20.6.1998,"St. Gallen","Ferdinand Hodler. Sammlung Thomas Schmidheiny"
6004733,"Die Aare bei Solothurn",,http://server1102.cs.technik.fhnw.ch/bilder/007822E1.jpg,"Hodler, Ferdinand",8.5.1998-20.6.1998,"St. Gallen","Ferdinand Hodler. Sammlung Thomas Schmidheiny"
6007859,"Die Empfindung",1911,http://server1102.cs.technik.fhnw.ch/bilder/011047E1.jpg,"Hodler, Ferdinand",8.5.1998-20.6.1998,"St. Gallen","Ferdinand Hodler. Sammlung Thomas Schmidheiny"
6005741,"Der Mäher",1878,http://server1102.cs.technik.fhnw.ch/bilder/007820E1.jpg,"Hodler, Ferdinand",8.5.1998-20.6.1998,"St. Gallen","Ferdinand Hodler. Sammlung Thomas Schmidheiny"
6008157,"Der Frühling",1910,http://server1102.cs.technik.fhnw.ch/bilder/017772E2.jpg,"Hodler, Ferdinand",8.5.1998-20.6.1998,"St. Gallen","Ferdinand Hodler. Sammlung Thomas Schmidheiny"
6004804,"Der Mönch mit Wolken",1911,http://server1102.cs.technik.fhnw.ch/bilder/001614E1.jpg,"Hodler, Ferdinand",8.5.1998-20.6.1998,"St. Gallen","Ferdinand Hodler. Sammlung Thomas Schmidheiny"
6006521,"Bildnis Gertrud Müller",1911,http://server1102.cs.technik.fhnw.ch/bilder/062373E1.jpg,"Hodler, Ferdinand",8.5.1998-20.6.1998,"St. Gallen","Ferdinand Hodler. Sammlung Thomas Schmidheiny"
6005092,Samoëns,1882,http://server1102.cs.technik.fhnw.ch/bilder/035669E1.jpg,"Hodler, Ferdinand",8.5.1998-20.6.1998,"St. Gallen","Ferdinand Hodler. Sammlung Thomas Schmidheiny"
9634253,"Der Grammont",1906,http://server1102.cs.technik.fhnw.ch/bilder/075600E1.jpg,"Hodler, Ferdinand",8.5.1998-20.6.1998,"St. Gallen","Ferdinand Hodler. Sammlung Thomas Schmidheiny"
6005123,"Blick von Montana gegen Tour Noir, Aiguilles d'Argentière und Chardonnet",1915,http://server1102.cs.technik.fhnw.ch/bilder/009255E1.jpg,"Hodler, Ferdinand",8.5.1998-20.6.1998,"St. Gallen","Ferdinand Hodler. Sammlung Thomas Schmidheiny"
6005050,"Weidenbaum am Genfersee",1891,http://server1102.cs.technik.fhnw.ch/bilder/043564E1.jpg,"Hodler, Ferdinand",8.5.1998-20.6.1998,"St. Gallen","Ferdinand Hodler. Sammlung Thomas Schmidheiny"
6006089,"Bildnis Georges Navazza",1916,http://server1102.cs.technik.fhnw.ch/bilder/007107E1.jpg,"Hodler, Ferdinand",8.5.1998-20.6.1998,"St. Gallen","Ferdinand Hodler. Sammlung Thomas Schmidheiny"
6004999,"Genfersee mit Mont-Blanc am Nachmittag (März)",1918,http://server1102.cs.technik.fhnw.ch/bilder/9260E2.jpg,"Hodler, Ferdinand",8.5.1998-20.6.1998,"St. Gallen","Ferdinand Hodler. Sammlung Thomas Schmidheiny"
6004775,"Die Niesen-Kette von Reichenbach aus",1902,http://server1102.cs.technik.fhnw.ch/bilder/031457E1.jpg,"Hodler, Ferdinand",8.5.1998-20.6.1998,"St. Gallen","Ferdinand Hodler. Sammlung Thomas Schmidheiny"
6004850,"Thunersee mit Stockhornkette am Abend",1910,http://server1102.cs.technik.fhnw.ch/bilder/058847E1.jpg,"Hodler, Ferdinand",8.5.1998-20.6.1998,"St. Gallen","Ferdinand Hodler. Sammlung Thomas Schmidheiny"
6006390,Näherin,1885,http://server1102.cs.technik.fhnw.ch/bilder/008729E1.jpg,"Hodler, Ferdinand",8.5.1998-20.6.1998,"St. Gallen","Ferdinand Hodler. Sammlung Thomas Schmidheiny"
6008726,"Die Quelle",1904,http://server1102.cs.technik.fhnw.ch/bilder/040454E1.jpg,"Hodler, Ferdinand",8.5.1998-20.6.1998,"St. Gallen","Ferdinand Hodler. Sammlung Thomas Schmidheiny"
6005093,"Am Fuss des Petit Salève",1890,http://server1102.cs.technik.fhnw.ch/bilder/040458E1.jpg,"Hodler, Ferdinand",8.5.1998-20.6.1998,"St. Gallen","Ferdinand Hodler. Sammlung Thomas Schmidheiny"
6006404,"Bildnis Letizia Raviola",1916,http://server1102.cs.technik.fhnw.ch/bilder/018081E1.jpg,"Hodler, Ferdinand",8.5.1998-20.6.1998,"St. Gallen","Ferdinand Hodler. Sammlung Thomas Schmidheiny"
6008386,"Der Holzfäller",1910,http://server1102.cs.technik.fhnw.ch/bilder/040451E1.jpg,"Hodler, Ferdinand",8.5.1998-20.6.1998,"St. Gallen","Ferdinand Hodler. Sammlung Thomas Schmidheiny"
6005175,"Landschaft bei Madrid",1878,http://server1102.cs.technik.fhnw.ch/bilder/043563E4.jpg,"Hodler, Ferdinand",8.5.1998-20.6.1998,"St. Gallen","Ferdinand Hodler. Sammlung Thomas Schmidheiny"
6005259,"Tanne am Bach",1910,http://server1102.cs.technik.fhnw.ch/bilder/009180E1.jpg,"Hodler, Ferdinand",28.5.1983-19.6.1983,Staad,"F. Hodler. Aus Ostschweizer Privatsammlungen. Ausstellung zum 10 Jahr-Jubiläum"
6004777,Gantrischkette,1901,http://server1102.cs.technik.fhnw.ch/bilder/035302E1.jpg,"Hodler, Ferdinand",28.5.1983-19.6.1983,Staad,"F. Hodler. Aus Ostschweizer Privatsammlungen. Ausstellung zum 10 Jahr-Jubiläum"
6007010,Einmütigkeit,1913,http://server1102.cs.technik.fhnw.ch/bilder/040456E1.jpg,"Hodler, Ferdinand",28.5.1983-19.6.1983,Staad,"F. Hodler. Aus Ostschweizer Privatsammlungen. Ausstellung zum 10 Jahr-Jubiläum"
6004733,"Die Aare bei Solothurn",,http://server1102.cs.technik.fhnw.ch/bilder/007822E1.jpg,"Hodler, Ferdinand",28.5.1983-19.6.1983,Staad,"F. Hodler. Aus Ostschweizer Privatsammlungen. Ausstellung zum 10 Jahr-Jubiläum"
6005092,Samoëns,1882,http://server1102.cs.technik.fhnw.ch/bilder/035669E1.jpg,"Hodler, Ferdinand",28.5.1983-19.6.1983,Staad,"F. Hodler. Aus Ostschweizer Privatsammlungen. Ausstellung zum 10 Jahr-Jubiläum"
6004850,"Thunersee mit Stockhornkette am Abend",1910,http://server1102.cs.technik.fhnw.ch/bilder/058847E1.jpg,"Hodler, Ferdinand",28.5.1983-19.6.1983,Staad,"F. Hodler. Aus Ostschweizer Privatsammlungen. Ausstellung zum 10 Jahr-Jubiläum"
6008386,"Der Holzfäller",1910,http://server1102.cs.technik.fhnw.ch/bilder/040451E1.jpg,"Hodler, Ferdinand",28.5.1983-19.6.1983,Staad,"F. Hodler. Aus Ostschweizer Privatsammlungen. Ausstellung zum 10 Jahr-Jubiläum"
6005175,"Landschaft bei Madrid",1878,http://server1102.cs.technik.fhnw.ch/bilder/043563E4.jpg,"Hodler, Ferdinand",28.5.1983-19.6.1983,Staad,"F. Hodler. Aus Ostschweizer Privatsammlungen. Ausstellung zum 10 Jahr-Jubiläum"
6005259,"Tanne am Bach",1910,http://server1102.cs.technik.fhnw.ch/bilder/009180E1.jpg,"Hodler, Ferdinand",8.11.1990-14.12.1990,"Santiago de Chile","Ferdinand Hodler. Coleccion Adda y Max Schmidheiny"
6004886,"Thunersee mit Niesen",1910,http://server1102.cs.technik.fhnw.ch/bilder/009178E1.jpg,"Hodler, Ferdinand",8.11.1990-14.12.1990,"Santiago de Chile","Ferdinand Hodler. Coleccion Adda y Max Schmidheiny"
6004839,"Thunersee mit Stockhornkette in Wolken",1912,http://server1102.cs.technik.fhnw.ch/bilder/009232E1.jpg,"Hodler, Ferdinand",8.11.1990-14.12.1990,"Santiago de Chile","Ferdinand Hodler. Coleccion Adda y Max Schmidheiny"
6005091,"Weiden an der Jonction",1878,http://server1102.cs.technik.fhnw.ch/bilder/033942E1.jpg,"Hodler, Ferdinand",8.11.1990-14.12.1990,"Santiago de Chile","Ferdinand Hodler. Coleccion Adda y Max Schmidheiny"
6005278,"Mühlebach bei Langenthal",1876,http://server1102.cs.technik.fhnw.ch/bilder/040459E1.jpg,"Hodler, Ferdinand",8.11.1990-14.12.1990,"Santiago de Chile","Ferdinand Hodler. Coleccion Adda y Max Schmidheiny"
6004777,Gantrischkette,1901,http://server1102.cs.technik.fhnw.ch/bilder/035302E1.jpg,"Hodler, Ferdinand",8.11.1990-14.12.1990,"Santiago de Chile","Ferdinand Hodler. Coleccion Adda y Max Schmidheiny"
6005456,"Landschaft mit zwei kleinen Bäumen",,http://server1102.cs.technik.fhnw.ch/bilder/040460E1.jpg,"Hodler, Ferdinand",8.11.1990-14.12.1990,"Santiago de Chile","Ferdinand Hodler. Coleccion Adda y Max Schmidheiny"
6005617,Selbstbildnis,1917,http://server1102.cs.technik.fhnw.ch/bilder/007821E2.jpg,"Hodler, Ferdinand",8.11.1990-14.12.1990,"Santiago de Chile","Ferdinand Hodler. Coleccion Adda y Max Schmidheiny"
6005678,"Selbstbildnis (mit Federhut und Pfeife)",1875,http://server1102.cs.technik.fhnw.ch/bilder/021912E2.jpg,"Hodler, Ferdinand",8.11.1990-14.12.1990,"Santiago de Chile","Ferdinand Hodler. Coleccion Adda y Max Schmidheiny"
6006218,"Bildnis Mathias Morhardt",1911,http://server1102.cs.technik.fhnw.ch/bilder/040450E1.jpg,"Hodler, Ferdinand",8.11.1990-14.12.1990,"Santiago de Chile","Ferdinand Hodler. Coleccion Adda y Max Schmidheiny"
6006841,"Die Andacht",1881,http://server1102.cs.technik.fhnw.ch/bilder/14528E2.jpg,"Hodler, Ferdinand",8.11.1990-14.12.1990,"Santiago de Chile","Ferdinand Hodler. Coleccion Adda y Max Schmidheiny"
6006592,"Kuh auf der Weide",1876,http://server1102.cs.technik.fhnw.ch/bilder/000352E1.jpg,"Hodler, Ferdinand",8.11.1990-14.12.1990,"Santiago de Chile","Ferdinand Hodler. Coleccion Adda y Max Schmidheiny"
6007853,"Schreitendes Weib",1910,http://server1102.cs.technik.fhnw.ch/bilder/001890E1.jpg,"Hodler, Ferdinand",8.11.1990-14.12.1990,"Santiago de Chile","Ferdinand Hodler. Coleccion Adda y Max Schmidheiny"
6007010,Einmütigkeit,1913,http://server1102.cs.technik.fhnw.ch/bilder/040456E1.jpg,"Hodler, Ferdinand",8.11.1990-14.12.1990,"Santiago de Chile","Ferdinand Hodler. Coleccion Adda y Max Schmidheiny"
6005802,"Der Netzflicker",1883,http://server1102.cs.technik.fhnw.ch/bilder/043562E1.jpg,"Hodler, Ferdinand",8.11.1990-14.12.1990,"Santiago de Chile","Ferdinand Hodler. Coleccion Adda y Max Schmidheiny"
6006391,"Bildnis Régina Morgeron",1911,http://server1102.cs.technik.fhnw.ch/bilder/008863E1.jpg,"Hodler, Ferdinand",8.11.1990-14.12.1990,"Santiago de Chile","Ferdinand Hodler. Coleccion Adda y Max Schmidheiny"
6004733,"Die Aare bei Solothurn",,http://server1102.cs.technik.fhnw.ch/bilder/007822E1.jpg,"Hodler, Ferdinand",8.11.1990-14.12.1990,"Santiago de Chile","Ferdinand Hodler. Coleccion Adda y Max Schmidheiny"
6007859,"Die Empfindung",1911,http://server1102.cs.technik.fhnw.ch/bilder/011047E1.jpg,"Hodler, Ferdinand",8.11.1990-14.12.1990,"Santiago de Chile","Ferdinand Hodler. Coleccion Adda y Max Schmidheiny"
6005741,"Der Mäher",1878,http://server1102.cs.technik.fhnw.ch/bilder/007820E1.jpg,"Hodler, Ferdinand",8.11.1990-14.12.1990,"Santiago de Chile","Ferdinand Hodler. Coleccion Adda y Max Schmidheiny"
6006468,"Bildnis Mme Louis-Amédée Baudit",1912,http://server1102.cs.technik.fhnw.ch/bilder/048987E1.jpg,"Hodler, Ferdinand",8.11.1990-14.12.1990,"Santiago de Chile","Ferdinand Hodler. Coleccion Adda y Max Schmidheiny"
6008157,"Der Frühling",1910,http://server1102.cs.technik.fhnw.ch/bilder/017772E2.jpg,"Hodler, Ferdinand",8.11.1990-14.12.1990,"Santiago de Chile","Ferdinand Hodler. Coleccion Adda y Max Schmidheiny"
6004804,"Der Mönch mit Wolken",1911,http://server1102.cs.technik.fhnw.ch/bilder/001614E1.jpg,"Hodler, Ferdinand",8.11.1990-14.12.1990,"Santiago de Chile","Ferdinand Hodler. Coleccion Adda y Max Schmidheiny"
6006521,"Bildnis Gertrud Müller",1911,http://server1102.cs.technik.fhnw.ch/bilder/062373E1.jpg,"Hodler, Ferdinand",8.11.1990-14.12.1990,"Santiago de Chile","Ferdinand Hodler. Coleccion Adda y Max Schmidheiny"
6006099,"Schreitender weiblicher Akt",1916,http://server1102.cs.technik.fhnw.ch/bilder/040453E1.jpg,"Hodler, Ferdinand",8.11.1990-14.12.1990,"Santiago de Chile","Ferdinand Hodler. Coleccion Adda y Max Schmidheiny"
6005092,Samoëns,1882,http://server1102.cs.technik.fhnw.ch/bilder/035669E1.jpg,"Hodler, Ferdinand",8.11.1990-14.12.1990,"Santiago de Chile","Ferdinand Hodler. Coleccion Adda y Max Schmidheiny"
6005123,"Blick von Montana gegen Tour Noir, Aiguilles d'Argentière und Chardonnet",1915,http://server1102.cs.technik.fhnw.ch/bilder/009255E1.jpg,"Hodler, Ferdinand",8.11.1990-14.12.1990,"Santiago de Chile","Ferdinand Hodler. Coleccion Adda y Max Schmidheiny"
6005050,"Weidenbaum am Genfersee",1891,http://server1102.cs.technik.fhnw.ch/bilder/043564E1.jpg,"Hodler, Ferdinand",8.11.1990-14.12.1990,"Santiago de Chile","Ferdinand Hodler. Coleccion Adda y Max Schmidheiny"
6006089,"Bildnis Georges Navazza",1916,http://server1102.cs.technik.fhnw.ch/bilder/007107E1.jpg,"Hodler, Ferdinand",8.11.1990-14.12.1990,"Santiago de Chile","Ferdinand Hodler. Coleccion Adda y Max Schmidheiny"
6004999,"Genfersee mit Mont-Blanc am Nachmittag (März)",1918,http://server1102.cs.technik.fhnw.ch/bilder/9260E2.jpg,"Hodler, Ferdinand",8.11.1990-14.12.1990,"Santiago de Chile","Ferdinand Hodler. Coleccion Adda y Max Schmidheiny"
6004775,"Die Niesen-Kette von Reichenbach aus",1902,http://server1102.cs.technik.fhnw.ch/bilder/031457E1.jpg,"Hodler, Ferdinand",8.11.1990-14.12.1990,"Santiago de Chile","Ferdinand Hodler. Coleccion Adda y Max Schmidheiny"
6007970,"Eine enttäuschte Seele",1891,http://server1102.cs.technik.fhnw.ch/bilder/040461E1.jpg,"Hodler, Ferdinand",8.11.1990-14.12.1990,"Santiago de Chile","Ferdinand Hodler. Coleccion Adda y Max Schmidheiny"
6006448,"Bildnis Caroline Coutau-Marcelin (?)",1878,http://server1102.cs.technik.fhnw.ch/bilder/040455E1.jpg,"Hodler, Ferdinand",8.11.1990-14.12.1990,"Santiago de Chile","Ferdinand Hodler. Coleccion Adda y Max Schmidheiny"
6004850,"Thunersee mit Stockhornkette am Abend",1910,http://server1102.cs.technik.fhnw.ch/bilder/058847E1.jpg,"Hodler, Ferdinand",8.11.1990-14.12.1990,"Santiago de Chile","Ferdinand Hodler. Coleccion Adda y Max Schmidheiny"
6005036,"Der Genfersee von St-Prex aus",1901,http://server1102.cs.technik.fhnw.ch/bilder/031459E1.jpg,"Hodler, Ferdinand",8.11.1990-14.12.1990,"Santiago de Chile","Ferdinand Hodler. Coleccion Adda y Max Schmidheiny"
6006117,"Bildnis Sadik Bélig",1900,http://server1102.cs.technik.fhnw.ch/bilder/014382E1.jpg,"Hodler, Ferdinand",8.11.1990-14.12.1990,"Santiago de Chile","Ferdinand Hodler. Coleccion Adda y Max Schmidheiny"
6008726,"Die Quelle",1904,http://server1102.cs.technik.fhnw.ch/bilder/040454E1.jpg,"Hodler, Ferdinand",8.11.1990-14.12.1990,"Santiago de Chile","Ferdinand Hodler. Coleccion Adda y Max Schmidheiny"
6005093,"Am Fuss des Petit Salève",1890,http://server1102.cs.technik.fhnw.ch/bilder/040458E1.jpg,"Hodler, Ferdinand",8.11.1990-14.12.1990,"Santiago de Chile","Ferdinand Hodler. Coleccion Adda y Max Schmidheiny"
6006404,"Bildnis Letizia Raviola",1916,http://server1102.cs.technik.fhnw.ch/bilder/018081E1.jpg,"Hodler, Ferdinand",8.11.1990-14.12.1990,"Santiago de Chile","Ferdinand Hodler. Coleccion Adda y Max Schmidheiny"
6008386,"Der Holzfäller",1910,http://server1102.cs.technik.fhnw.ch/bilder/040451E1.jpg,"Hodler, Ferdinand",8.11.1990-14.12.1990,"Santiago de Chile","Ferdinand Hodler. Coleccion Adda y Max Schmidheiny"
6005175,"Landschaft bei Madrid",1878,http://server1102.cs.technik.fhnw.ch/bilder/043563E4.jpg,"Hodler, Ferdinand",8.11.1990-14.12.1990,"Santiago de Chile","Ferdinand Hodler. Coleccion Adda y Max Schmidheiny"
6004796,"Die Schynige Platte",1909,http://server1102.cs.technik.fhnw.ch/bilder/071425E1.jpg,"Hodler, Ferdinand",24.10.1999-3.1.2000,Wuppertal,"Ferdinand Hodler"
6005185,"Das Kiental mit Blümlisalp",1902,http://server1102.cs.technik.fhnw.ch/bilder/4000CE1.jpg,"Hodler, Ferdinand",24.10.1999-3.1.2000,Wuppertal,"Ferdinand Hodler"
6004886,"Thunersee mit Niesen",1910,http://server1102.cs.technik.fhnw.ch/bilder/009178E1.jpg,"Hodler, Ferdinand",24.10.1999-3.1.2000,Wuppertal,"Ferdinand Hodler"
6004839,"Thunersee mit Stockhornkette in Wolken",1912,http://server1102.cs.technik.fhnw.ch/bilder/009232E1.jpg,"Hodler, Ferdinand",24.10.1999-3.1.2000,Wuppertal,"Ferdinand Hodler"
6005091,"Weiden an der Jonction",1878,http://server1102.cs.technik.fhnw.ch/bilder/033942E1.jpg,"Hodler, Ferdinand",24.10.1999-3.1.2000,Wuppertal,"Ferdinand Hodler"
6005789,"Der Mäher",1910,http://server1102.cs.technik.fhnw.ch/bilder/026466E1.jpg,"Hodler, Ferdinand",24.10.1999-3.1.2000,Wuppertal,"Ferdinand Hodler"
6004777,Gantrischkette,1901,http://server1102.cs.technik.fhnw.ch/bilder/035302E1.jpg,"Hodler, Ferdinand",24.10.1999-3.1.2000,Wuppertal,"Ferdinand Hodler"
6005324,"Blühender Kirschbaum",1905,http://server1102.cs.technik.fhnw.ch/bilder/001861E1.jpg,"Hodler, Ferdinand",24.10.1999-3.1.2000,Wuppertal,"Ferdinand Hodler"
6005456,"Landschaft mit zwei kleinen Bäumen",,http://server1102.cs.technik.fhnw.ch/bilder/040460E1.jpg,"Hodler, Ferdinand",24.10.1999-3.1.2000,Wuppertal,"Ferdinand Hodler"
6005617,Selbstbildnis,1917,http://server1102.cs.technik.fhnw.ch/bilder/007821E2.jpg,"Hodler, Ferdinand",24.10.1999-3.1.2000,Wuppertal,"Ferdinand Hodler"
6006281,"Bildnis einer Unbekannten",1889,http://server1102.cs.technik.fhnw.ch/bilder/1568CE1.jpg,"Hodler, Ferdinand",24.10.1999-3.1.2000,Wuppertal,"Ferdinand Hodler"
6005795,Ahasver,1910,http://server1102.cs.technik.fhnw.ch/bilder/27617E1.jpg,"Hodler, Ferdinand",24.10.1999-3.1.2000,Wuppertal,"Ferdinand Hodler"
6005073,"Der kahle Baum",1917,http://server1102.cs.technik.fhnw.ch/bilder/9257SC1.jpg,"Hodler, Ferdinand",24.10.1999-3.1.2000,Wuppertal,"Ferdinand Hodler"
6005630,"Selbstbildnis (von Néris)",1915,http://server1102.cs.technik.fhnw.ch/bilder/001895E1.jpg,"Hodler, Ferdinand",24.10.1999-3.1.2000,Wuppertal,"Ferdinand Hodler"
6005715,"Der Schuhmacher",1882,http://server1102.cs.technik.fhnw.ch/bilder/70966CE1.jpg,"Hodler, Ferdinand",24.10.1999-3.1.2000,Wuppertal,"Ferdinand Hodler"
6006184,"Das Frühstück",1889,http://server1102.cs.technik.fhnw.ch/bilder/043577E3.jpg,"Hodler, Ferdinand",24.10.1999-3.1.2000,Wuppertal,"Ferdinand Hodler"
6006204,"Bildnis James Vibert",1915,http://server1102.cs.technik.fhnw.ch/bilder/23317CE1.jpg,"Hodler, Ferdinand",24.10.1999-3.1.2000,Wuppertal,"Ferdinand Hodler"
6006218,"Bildnis Mathias Morhardt",1911,http://server1102.cs.technik.fhnw.ch/bilder/040450E1.jpg,"Hodler, Ferdinand",24.10.1999-3.1.2000,Wuppertal,"Ferdinand Hodler"
6006841,"Die Andacht",1881,http://server1102.cs.technik.fhnw.ch/bilder/14528E2.jpg,"Hodler, Ferdinand",24.10.1999-3.1.2000,Wuppertal,"Ferdinand Hodler"
6006002,"Spaziergang am Waldrand",1885,http://server1102.cs.technik.fhnw.ch/bilder/17775CE1.jpg,"Hodler, Ferdinand",24.10.1999-3.1.2000,Wuppertal,"Ferdinand Hodler"
6006922,"Was die Blumen sagen",1893,http://server1102.cs.technik.fhnw.ch/bilder/1888E1.jpg,"Hodler, Ferdinand",24.10.1999-3.1.2000,Wuppertal,"Ferdinand Hodler"
6008345,Arbeitslos,1891,http://server1102.cs.technik.fhnw.ch/bilder/1884S1.jpg,"Hodler, Ferdinand",24.10.1999-3.1.2000,Wuppertal,"Ferdinand Hodler"
6008014,"Die Dents du Midi von Caux aus",1917,http://server1102.cs.technik.fhnw.ch/bilder/073491E1.jpg,"Hodler, Ferdinand",24.10.1999-3.1.2000,Wuppertal,"Ferdinand Hodler"
9837848,"Einmütigkeit, Schwörender",1913,http://server1102.cs.technik.fhnw.ch/bilder/78626D1.jpg,"Hodler, Ferdinand",24.10.1999-3.1.2000,Wuppertal,"Ferdinand Hodler"
9899083,"Der Angler",1879,http://server1102.cs.technik.fhnw.ch/bilder/079203E1.jpg,"Hodler, Ferdinand",24.10.1999-3.1.2000,Wuppertal,"Ferdinand Hodler"
6004735,"Aarelandschaft bei Thun",1880,http://server1102.cs.technik.fhnw.ch/bilder/53938E1.jpg,"Hodler, Ferdinand",24.10.1999-3.1.2000,Wuppertal,"Ferdinand Hodler"
6004990,"Genfersee von Lausanne aus",1912,http://server1102.cs.technik.fhnw.ch/bilder/9228CE1.jpg,"Hodler, Ferdinand",24.10.1999-3.1.2000,Wuppertal,"Ferdinand Hodler"
6007010,Einmütigkeit,1913,http://server1102.cs.technik.fhnw.ch/bilder/040456E1.jpg,"Hodler, Ferdinand",24.10.1999-3.1.2000,Wuppertal,"Ferdinand Hodler"
10352007,"Landschaft bei Madrid mit Steineichen und weidenden Kühen",1878,http://server1102.cs.technik.fhnw.ch/bilder/80489E1.jpg,"Hodler, Ferdinand",24.10.1999-3.1.2000,Wuppertal,"Ferdinand Hodler"
10384498,"Am Fuss des Petit Salève",1891,http://server1102.cs.technik.fhnw.ch/bilder/80321CE1.jpg,"Hodler, Ferdinand",24.10.1999-3.1.2000,Wuppertal,"Ferdinand Hodler"
6005802,"Der Netzflicker",1883,http://server1102.cs.technik.fhnw.ch/bilder/043562E1.jpg,"Hodler, Ferdinand",24.10.1999-3.1.2000,Wuppertal,"Ferdinand Hodler"
10396581,"Rückzug von Marignano",1897,http://server1102.cs.technik.fhnw.ch/bilder/80951CE1.jpg,"Hodler, Ferdinand",24.10.1999-3.1.2000,Wuppertal,"Ferdinand Hodler"
6007711,"Sterbender Krieger",1897,http://server1102.cs.technik.fhnw.ch/bilder/062375E1.jpg,"Hodler, Ferdinand",24.10.1999-3.1.2000,Wuppertal,"Ferdinand Hodler"
10396052,"Der Holzfäller",1910,http://server1102.cs.technik.fhnw.ch/bilder/80948CE1.jpg,"Hodler, Ferdinand",24.10.1999-3.1.2000,Wuppertal,"Ferdinand Hodler"
9839134,"Blick ins Unendliche, Einzelfigur",1914,http://server1102.cs.technik.fhnw.ch/bilder/078689E3.jpg,"Hodler, Ferdinand",24.10.1999-3.1.2000,Wuppertal,"Ferdinand Hodler"
9717619,"Am Fuss des Salève",1888,http://server1102.cs.technik.fhnw.ch/bilder/77231DS1.jpg,"Hodler, Ferdinand",24.10.1999-3.1.2000,Wuppertal,"Ferdinand Hodler"
6006417,"Bildnis Louise Delphine Duchosal (Mädchen mit der Narzisse)",1885,http://server1102.cs.technik.fhnw.ch/bilder/025554E1.jpg,"Hodler, Ferdinand",24.10.1999-3.1.2000,Wuppertal,"Ferdinand Hodler"
6004983,"Genfersee mit Mont-Blanc am frühen Morgen (März)",1918,http://server1102.cs.technik.fhnw.ch/bilder/4092E2.jpg,"Hodler, Ferdinand",24.10.1999-3.1.2000,Wuppertal,"Ferdinand Hodler"
6005014,"Landschaft am Genfersee",1906,http://server1102.cs.technik.fhnw.ch/bilder/9280CE1.jpg,"Hodler, Ferdinand",24.10.1999-3.1.2000,Wuppertal,"Ferdinand Hodler"
6004818,"Das Jungfraumassiv von Mürren aus",1911,http://server1102.cs.technik.fhnw.ch/bilder/9918CE1.jpg,"Hodler, Ferdinand",24.10.1999-3.1.2000,Wuppertal,"Ferdinand Hodler"
6005083,"Die Arve am Bois de la Bâtie",1880,http://server1102.cs.technik.fhnw.ch/bilder/15087CE1.jpg,"Hodler, Ferdinand",24.10.1999-3.1.2000,Wuppertal,"Ferdinand Hodler"
6004988,"Genfersee mit Savoyer Alpen",1911,http://server1102.cs.technik.fhnw.ch/bilder/9167CE1.jpg,"Hodler, Ferdinand",24.10.1999-3.1.2000,Wuppertal,"Ferdinand Hodler"
6005440,"Die goldene Aue",1890,http://server1102.cs.technik.fhnw.ch/bilder/27200DS1.jpg,"Hodler, Ferdinand",24.10.1999-3.1.2000,Wuppertal,"Ferdinand Hodler"
6004733,"Die Aare bei Solothurn",,http://server1102.cs.technik.fhnw.ch/bilder/007822E1.jpg,"Hodler, Ferdinand",24.10.1999-3.1.2000,Wuppertal,"Ferdinand Hodler"
6005118,"Montanalandschaft mit Becs de Bosson und Vallon de Réchy",1915,http://server1102.cs.technik.fhnw.ch/bilder/9231CE1.jpg,"Hodler, Ferdinand",24.10.1999-3.1.2000,Wuppertal,"Ferdinand Hodler"
6006400,"Bildnis Berthe Jacques",1894,http://server1102.cs.technik.fhnw.ch/bilder/15497CE1.jpg,"Hodler, Ferdinand",24.10.1999-3.1.2000,Wuppertal,"Ferdinand Hodler"
6007859,"Die Empfindung",1911,http://server1102.cs.technik.fhnw.ch/bilder/011047E1.jpg,"Hodler, Ferdinand",24.10.1999-3.1.2000,Wuppertal,"Ferdinand Hodler"
6008346,"Die Lebensmüden",1892,http://server1102.cs.technik.fhnw.ch/bilder/8720E2.jpg,"Hodler, Ferdinand",24.10.1999-3.1.2000,Wuppertal,"Ferdinand Hodler"
6005611,Selbstbildnis,1914,http://server1102.cs.technik.fhnw.ch/bilder/1526CE1.jpg,"Hodler, Ferdinand",24.10.1999-3.1.2000,Wuppertal,"Ferdinand Hodler"
6005680,Selbstbildnis,1879,http://server1102.cs.technik.fhnw.ch/bilder/27191DS1.jpg,"Hodler, Ferdinand",24.10.1999-3.1.2000,Wuppertal,"Ferdinand Hodler"
6005741,"Der Mäher",1878,http://server1102.cs.technik.fhnw.ch/bilder/007820E1.jpg,"Hodler, Ferdinand",24.10.1999-3.1.2000,Wuppertal,"Ferdinand Hodler"
6006302,"Bildnis der kranken Valentine Godé-Darel",1914,http://server1102.cs.technik.fhnw.ch/bilder/41533E2.jpg,"Hodler, Ferdinand",24.10.1999-3.1.2000,Wuppertal,"Ferdinand Hodler"
6005074,"Das Gebet in der Kathedrale Saint-Pierre",1882,http://server1102.cs.technik.fhnw.ch/bilder/033830E1.jpg,"Hodler, Ferdinand",24.10.1999-3.1.2000,Wuppertal,"Ferdinand Hodler"
6008336,"Frau am Fenster",1892,http://server1102.cs.technik.fhnw.ch/bilder/30122CE1.jpg,"Hodler, Ferdinand",24.10.1999-3.1.2000,Wuppertal,"Ferdinand Hodler"
6005102,"Landschaft an der Jonction",1878,http://server1102.cs.technik.fhnw.ch/bilder/51250CE1.jpg,"Hodler, Ferdinand",24.10.1999-3.1.2000,Wuppertal,"Ferdinand Hodler"
6008157,"Der Frühling",1910,http://server1102.cs.technik.fhnw.ch/bilder/017772E2.jpg,"Hodler, Ferdinand",24.10.1999-3.1.2000,Wuppertal,"Ferdinand Hodler"
6004804,"Der Mönch mit Wolken",1911,http://server1102.cs.technik.fhnw.ch/bilder/001614E1.jpg,"Hodler, Ferdinand",24.10.1999-3.1.2000,Wuppertal,"Ferdinand Hodler"
6004989,"Am Genfersee (Landschaftlicher Formenrhythmus)",1908,http://server1102.cs.technik.fhnw.ch/bilder/009175CE1.jpg,"Hodler, Ferdinand",24.10.1999-3.1.2000,Wuppertal,"Ferdinand Hodler"
6006521,"Bildnis Gertrud Müller",1911,http://server1102.cs.technik.fhnw.ch/bilder/062373E1.jpg,"Hodler, Ferdinand",24.10.1999-3.1.2000,Wuppertal,"Ferdinand Hodler"
6005372,"Blick ins Unendliche",1904,http://server1102.cs.technik.fhnw.ch/bilder/72801CE1.jpg,"Hodler, Ferdinand",24.10.1999-3.1.2000,Wuppertal,"Ferdinand Hodler"
6005092,Samoëns,1882,http://server1102.cs.technik.fhnw.ch/bilder/035669E1.jpg,"Hodler, Ferdinand",24.10.1999-3.1.2000,Wuppertal,"Ferdinand Hodler"
9893572,"Am Rhoneufer",1891,http://server1102.cs.technik.fhnw.ch/bilder/079119CE1.jpg,"Hodler, Ferdinand",24.10.1999-3.1.2000,Wuppertal,"Ferdinand Hodler"
9839100,"Blick ins Unendliche, Einzelfigur",1915,http://server1102.cs.technik.fhnw.ch/bilder/078690E3.jpg,"Hodler, Ferdinand",24.10.1999-3.1.2000,Wuppertal,"Ferdinand Hodler"
9634253,"Der Grammont",1906,http://server1102.cs.technik.fhnw.ch/bilder/075600E1.jpg,"Hodler, Ferdinand",24.10.1999-3.1.2000,Wuppertal,"Ferdinand Hodler"
10358477,"Der Grand Muveran",1912,http://server1102.cs.technik.fhnw.ch/bilder/80528CE1.jpg,"Hodler, Ferdinand",24.10.1999-3.1.2000,Wuppertal,"Ferdinand Hodler"
6005037,"Genfersee mit Jura",1911,http://server1102.cs.technik.fhnw.ch/bilder/031827E1.jpg,"Hodler, Ferdinand",24.10.1999-3.1.2000,Wuppertal,"Ferdinand Hodler"
10396364,"Auszug der deutschen Studenten in den Freiheitskrieg von 1813, Einzelfigur",1908,http://server1102.cs.technik.fhnw.ch/bilder/80952CE1.jpg,"Hodler, Ferdinand",24.10.1999-3.1.2000,Wuppertal,"Ferdinand Hodler"
6008493,"Lied in der Ferne",1906,http://server1102.cs.technik.fhnw.ch/bilder/4003CE1.jpg,"Hodler, Ferdinand",24.10.1999-3.1.2000,Wuppertal,"Ferdinand Hodler"
6005123,"Blick von Montana gegen Tour Noir, Aiguilles d'Argentière und Chardonnet",1915,http://server1102.cs.technik.fhnw.ch/bilder/009255E1.jpg,"Hodler, Ferdinand",24.10.1999-3.1.2000,Wuppertal,"Ferdinand Hodler"
6006496,"Uhrmacherwerkstatt in Madrid",1878,http://server1102.cs.technik.fhnw.ch/bilder/044694E1.jpg,"Hodler, Ferdinand",24.10.1999-3.1.2000,Wuppertal,"Ferdinand Hodler"
6004953,"Thuner- und Brienzersee mit Freiburgerstier",1888,http://server1102.cs.technik.fhnw.ch/bilder/59995CE1.jpg,"Hodler, Ferdinand",24.10.1999-3.1.2000,Wuppertal,"Ferdinand Hodler"
6005266,"Waldbach bei Reichenbach",1902,http://server1102.cs.technik.fhnw.ch/bilder/13449E2.jpg,"Hodler, Ferdinand",24.10.1999-3.1.2000,Wuppertal,"Ferdinand Hodler"
6004982,"Genfersee von Chexbres aus",1898,http://server1102.cs.technik.fhnw.ch/bilder/3942DS1.jpg,"Hodler, Ferdinand",24.10.1999-3.1.2000,Wuppertal,"Ferdinand Hodler"
6005050,"Weidenbaum am Genfersee",1891,http://server1102.cs.technik.fhnw.ch/bilder/043564E1.jpg,"Hodler, Ferdinand",24.10.1999-3.1.2000,Wuppertal,"Ferdinand Hodler"
6005270,"Bergbach bei Beatenberg",1910,http://server1102.cs.technik.fhnw.ch/bilder/28763CE1.jpg,"Hodler, Ferdinand",24.10.1999-3.1.2000,Wuppertal,"Ferdinand Hodler"
6005167,"Landschaft im Tessin",1893,http://server1102.cs.technik.fhnw.ch/bilder/067042E1.jpg,"Hodler, Ferdinand",24.10.1999-3.1.2000,Wuppertal,"Ferdinand Hodler"
6006089,"Bildnis Georges Navazza",1916,http://server1102.cs.technik.fhnw.ch/bilder/007107E1.jpg,"Hodler, Ferdinand",24.10.1999-3.1.2000,Wuppertal,"Ferdinand Hodler"
6005006,"Genfersee mit Mont-Blanc am frühen Morgen (November)",1917,http://server1102.cs.technik.fhnw.ch/bilder/9265E2.jpg,"Hodler, Ferdinand",24.10.1999-3.1.2000,Wuppertal,"Ferdinand Hodler"
6004999,"Genfersee mit Mont-Blanc am Nachmittag (März)",1918,http://server1102.cs.technik.fhnw.ch/bilder/9260E2.jpg,"Hodler, Ferdinand",24.10.1999-3.1.2000,Wuppertal,"Ferdinand Hodler"
9870138,"Landschaft bei Madrid",1878,http://server1102.cs.technik.fhnw.ch/bilder/078828E1.jpg,"Hodler, Ferdinand",24.10.1999-3.1.2000,Wuppertal,"Ferdinand Hodler"
10279895,"Die Mühle von Sous-Terre bei Genf",,http://server1102.cs.technik.fhnw.ch/bilder/80059CE1.jpg,"Hodler, Ferdinand",24.10.1999-3.1.2000,Wuppertal,"Ferdinand Hodler"
6004775,"Die Niesen-Kette von Reichenbach aus",1902,http://server1102.cs.technik.fhnw.ch/bilder/031457E1.jpg,"Hodler, Ferdinand",24.10.1999-3.1.2000,Wuppertal,"Ferdinand Hodler"
6007054,"Einmütigkeit, Redner",1913,http://server1102.cs.technik.fhnw.ch/bilder/43566E2.jpg,"Hodler, Ferdinand",24.10.1999-3.1.2000,Wuppertal,"Ferdinand Hodler"
6004850,"Thunersee mit Stockhornkette am Abend",1910,http://server1102.cs.technik.fhnw.ch/bilder/058847E1.jpg,"Hodler, Ferdinand",24.10.1999-3.1.2000,Wuppertal,"Ferdinand Hodler"
6008482,"Der Tag, Fragment",1899,http://server1102.cs.technik.fhnw.ch/bilder/66783DS1.jpg,"Hodler, Ferdinand",24.10.1999-3.1.2000,Wuppertal,"Ferdinand Hodler"
10396017,"Die Empfindung",1901,http://server1102.cs.technik.fhnw.ch/bilder/80947CE1.jpg,"Hodler, Ferdinand",24.10.1999-3.1.2000,Wuppertal,"Ferdinand Hodler"
6005036,"Der Genfersee von St-Prex aus",1901,http://server1102.cs.technik.fhnw.ch/bilder/031459E1.jpg,"Hodler, Ferdinand",24.10.1999-3.1.2000,Wuppertal,"Ferdinand Hodler"
6004837,"Thunersee mit Stockhornkette",1910,http://server1102.cs.technik.fhnw.ch/bilder/9181CE1.jpg,"Hodler, Ferdinand",24.10.1999-3.1.2000,Wuppertal,"Ferdinand Hodler"
6005423,"Tanne bei Chamby",1905,http://server1102.cs.technik.fhnw.ch/bilder/9272E2.jpg,"Hodler, Ferdinand",24.10.1999-3.1.2000,Wuppertal,"Ferdinand Hodler"
10367341,"Weib in Blumen",1904,http://server1102.cs.technik.fhnw.ch/bilder/80545CE1.jpg,"Hodler, Ferdinand",24.10.1999-3.1.2000,Wuppertal,"Ferdinand Hodler"
6006390,Näherin,1885,http://server1102.cs.technik.fhnw.ch/bilder/008729E1.jpg,"Hodler, Ferdinand",24.10.1999-3.1.2000,Wuppertal,"Ferdinand Hodler"
10259109,"Die Nacht",1889,http://server1102.cs.technik.fhnw.ch/bilder/23111D1.jpg,"Hodler, Ferdinand",24.10.1999-3.1.2000,Wuppertal,"Ferdinand Hodler"
6005427,"Landschaft im Tessin",1893,http://server1102.cs.technik.fhnw.ch/bilder/13291E1.jpg,"Hodler, Ferdinand",24.10.1999-3.1.2000,Wuppertal,"Ferdinand Hodler"
10396068,"Thunersee mit Stockhornkette",1910,http://server1102.cs.technik.fhnw.ch/bilder/80949CE1.jpg,"Hodler, Ferdinand",24.10.1999-3.1.2000,Wuppertal,"Ferdinand Hodler"
6005122,"Die Dents du Midi von Champéry aus",1916,http://server1102.cs.technik.fhnw.ch/bilder/9254CE1.jpg,"Hodler, Ferdinand",24.10.1999-3.1.2000,Wuppertal,"Ferdinand Hodler"
6008726,"Die Quelle",1904,http://server1102.cs.technik.fhnw.ch/bilder/040454E1.jpg,"Hodler, Ferdinand",24.10.1999-3.1.2000,Wuppertal,"Ferdinand Hodler"
9634389,"Der Pfarrer",1882,http://server1102.cs.technik.fhnw.ch/bilder/075602E1.jpg,"Hodler, Ferdinand",24.10.1999-3.1.2000,Wuppertal,"Ferdinand Hodler"
10318118,"Bildnis eines Unbekannten",1884,http://server1102.cs.technik.fhnw.ch/bilder/80285CE1.jpg,"Hodler, Ferdinand",24.10.1999-3.1.2000,Wuppertal,"Ferdinand Hodler"
9905760,"Bildnis Madame de R.",1893,http://server1102.cs.technik.fhnw.ch/bilder/079253CE1.jpg,"Hodler, Ferdinand",24.10.1999-3.1.2000,Wuppertal,"Ferdinand Hodler"
6005093,"Am Fuss des Petit Salève",1890,http://server1102.cs.technik.fhnw.ch/bilder/040458E1.jpg,"Hodler, Ferdinand",24.10.1999-3.1.2000,Wuppertal,"Ferdinand Hodler"
6006404,"Bildnis Letizia Raviola",1916,http://server1102.cs.technik.fhnw.ch/bilder/018081E1.jpg,"Hodler, Ferdinand",24.10.1999-3.1.2000,Wuppertal,"Ferdinand Hodler"
6008386,"Der Holzfäller",1910,http://server1102.cs.technik.fhnw.ch/bilder/040451E1.jpg,"Hodler, Ferdinand",24.10.1999-3.1.2000,Wuppertal,"Ferdinand Hodler"
6006274,"Bildnis Valentine Godé-Darel",1913,http://server1102.cs.technik.fhnw.ch/bilder/1917CE1.jpg,"Hodler, Ferdinand",24.10.1999-3.1.2000,Wuppertal,"Ferdinand Hodler"
9905723,"Der Stier",1885,http://server1102.cs.technik.fhnw.ch/bilder/079237CE1.jpg,"Hodler, Ferdinand",24.10.1999-3.1.2000,Wuppertal,"Ferdinand Hodler"
9905314,"Am Ufer der Maggia am Abend",1893,http://server1102.cs.technik.fhnw.ch/bilder/079240CE1.jpg,"Hodler, Ferdinand",24.10.1999-3.1.2000,Wuppertal,"Ferdinand Hodler"
6005175,"Landschaft bei Madrid",1878,http://server1102.cs.technik.fhnw.ch/bilder/043563E4.jpg,"Hodler, Ferdinand",24.10.1999-3.1.2000,Wuppertal,"Ferdinand Hodler"
6008014,"Die Dents du Midi von Caux aus",1917,http://server1102.cs.technik.fhnw.ch/bilder/073491E1.jpg,"Hodler, Ferdinand",1.11.1996-8.12.1996,Takamatsu,"Symbolisme en Europe"
6008346,"Die Lebensmüden",1892,http://server1102.cs.technik.fhnw.ch/bilder/8720E2.jpg,"Hodler, Ferdinand",1.11.1996-8.12.1996,Takamatsu,"Symbolisme en Europe"
6008157,"Der Frühling",1910,http://server1102.cs.technik.fhnw.ch/bilder/017772E2.jpg,"Hodler, Ferdinand",1.11.1996-8.12.1996,Takamatsu,"Symbolisme en Europe"
6004848,"Thunersee mit Stockhornkette",1904,http://server1102.cs.technik.fhnw.ch/bilder/51248DS1.jpg,"Hodler, Ferdinand",1.11.1996-8.12.1996,Takamatsu,"Symbolisme en Europe"
6008386,"Der Holzfäller",1910,http://server1102.cs.technik.fhnw.ch/bilder/040451E1.jpg,"Hodler, Ferdinand",1.11.1996-8.12.1996,Takamatsu,"Symbolisme en Europe"
6005423,"Tanne bei Chamby",1905,http://server1102.cs.technik.fhnw.ch/bilder/9272E2.jpg,"Hodler, Ferdinand",21.11.1998-5.4.1999,Riehen,"Magie der Bäume"
6008386,"Der Holzfäller",1910,http://server1102.cs.technik.fhnw.ch/bilder/040451E1.jpg,"Hodler, Ferdinand",21.11.1998-5.4.1999,Riehen,"Magie der Bäume"
6005054,"Der Genfersee von Chexbres aus",1905,http://server1102.cs.technik.fhnw.ch/bilder/051151CE1.jpg,"Hodler, Ferdinand",4.5.1913-30.9.1913,Mannheim,"Ausstellung des Deutschen Künstlerbundes 1913"
10820400,"Der Grand Muveran",1912,http://server1102.cs.technik.fhnw.ch/bilder/83374DS1.jpg,"Hodler, Ferdinand",4.5.1913-30.9.1913,Mannheim,"Ausstellung des Deutschen Künstlerbundes 1913"
6004818,"Das Jungfraumassiv von Mürren aus",1911,http://server1102.cs.technik.fhnw.ch/bilder/9918CE1.jpg,"Hodler, Ferdinand",4.5.1913-30.9.1913,Mannheim,"Ausstellung des Deutschen Künstlerbundes 1913"
6005065,"Genfersee mit Savoyer Alpen",1911,http://server1102.cs.technik.fhnw.ch/bilder/70087E1.jpg,"Hodler, Ferdinand",4.5.1913-30.9.1913,Mannheim,"Ausstellung des Deutschen Künstlerbundes 1913"
6004947,"Blick auf den Thunersee, Stockhorn, Wimmisfluh und Niesen",1884,http://server1102.cs.technik.fhnw.ch/bilder/43830C1.jpg,"Hodler, Ferdinand",4.5.1913-30.9.1913,Mannheim,"Ausstellung des Deutschen Künstlerbundes 1913"
6006496,"Uhrmacherwerkstatt in Madrid",1878,http://server1102.cs.technik.fhnw.ch/bilder/044694E1.jpg,"Hodler, Ferdinand",4.5.1913-30.9.1913,Mannheim,"Ausstellung des Deutschen Künstlerbundes 1913"
10480057,"Weib und Blumen (Das Lied)",1909,http://server1102.cs.technik.fhnw.ch/bilder/80484D1.jpg,"Hodler, Ferdinand",4.5.1913-30.9.1913,Mannheim,"Ausstellung des Deutschen Künstlerbundes 1913"
6004837,"Thunersee mit Stockhornkette",1910,http://server1102.cs.technik.fhnw.ch/bilder/9181CE1.jpg,"Hodler, Ferdinand",4.5.1913-30.9.1913,Mannheim,"Ausstellung des Deutschen Künstlerbundes 1913"
6008386,"Der Holzfäller",1910,http://server1102.cs.technik.fhnw.ch/bilder/040451E1.jpg,"Hodler, Ferdinand",4.5.1913-30.9.1913,Mannheim,"Ausstellung des Deutschen Künstlerbundes 1913"
6011121,Winterlandschaft,1904,http://server1102.cs.technik.fhnw.ch/bilder/19377DS1.jpg,"Amiet, Cuno",21.11.1998-5.4.1999,Riehen,"Magie der Bäume"
6010845,Apfelbaum,1907,http://server1102.cs.technik.fhnw.ch/bilder/29938CE1.jpg,"Amiet, Cuno",21.11.1998-5.4.1999,Riehen,"Magie der Bäume"
